,accuracy,precision,recall,f1,roc_auc
Logistic Regression,0.7603993344425957,0.6577181208053692,0.5130890052356021,0.5764705882352941,0.8287191929510919
Random Forest,0.7454242928452579,0.6319444444444444,0.47643979057591623,0.5432835820895522,0.8028221172264078
Decision Tree,0.7371048252911814,0.6153846153846154,0.4607329842931937,0.5269461077844312,0.778406333801558
