,MAE,RMSE,R2
Random Forest Regressor,19.589710130734503,65.63861487632435,0.9680906958075327
Decision Tree Regressor,26.029057109452815,79.61493545494427,0.9530551870349108
Linear Regression,119.85443307318084,198.1984477017907,0.7090629600623499
