{
  "best_model": "Logistic Regression",
  "metrics": {
    "accuracy": 0.7603993344425957,
    "precision": 0.6577181208053692,
    "recall": 0.5130890052356021,
    "f1": 0.5764705882352941,
    "roc_auc": 0.8287191929510919
  },
  "all_results": {
    "Logistic Regression": {
      "accuracy": 0.7603993344425957,
      "precision": 0.6577181208053692,
      "recall": 0.5130890052356021,
      "f1": 0.5764705882352941,
      "roc_auc": 0.8287191929510919
    },
    "Decision Tree": {
      "accuracy": 0.7371048252911814,
      "precision": 0.6153846153846154,
      "recall": 0.4607329842931937,
      "f1": 0.5269461077844312,
      "roc_auc": 0.778406333801558
    },
    "Random Forest": {
      "accuracy": 0.7454242928452579,
      "precision": 0.6319444444444444,
      "recall": 0.47643979057591623,
      "f1": 0.5432835820895522,
      "roc_auc": 0.8028221172264078
    }
  }
}