{
  "dataset_size": 6090,
  "fraud_count": 90,
  "fraud_rate_pct": 1.478,
  "amount_summary": {
    "fraud_median_amount": 12.54,
    "legit_median_amount": 47.62,
    "fraud_mean_amount": 129.59,
    "legit_mean_amount": 61.75
  },
  "peak_fraud_hour": 18,
  "top_features": {
    "Amount_log": 0.1613346499972304,
    "V22": 0.1223322863494547,
    "Amount": 0.12034185637906725,
    "V4": 0.09154011143881102,
    "V14": 0.0824097385493655,
    "V17": 0.07571003865965664,
    "V10": 0.05116225213724576,
    "Day": 0.03512349791870143,
    "V27": 0.024986384603506606,
    "Hour": 0.02252879496040765,
    "V6": 0.01817592439851781,
    "Time": 0.016842009929701487
  },
  "model_metrics": {
    "precision": 0.6667,
    "recall": 0.5217,
    "f1_score": 0.5854,
    "roc_auc": 0.9846
  },
  "best_model_name": "Random Forest"
}